,ApplicantIncome,CoapplicantIncome,LoanAmount,Loan_Amount_Term,Credit_History,Gender_Female,Gender_Male,Married_No,Married_Yes,Dependents_0,Dependents_1,Dependents_2,Dependents_3+,Education_Graduate,Education_Not Graduate,Self_Employed_No,Self_Employed_Yes,Property_Area_Rural,Property_Area_Semiurban,Property_Area_Urban,Loan_Status
0,5849,0.0,146.41216216216216,360.0,1.0,0,1,1,0,1,0,0,0,1,0,1,0,0,0,1,Y
1,4583,1508.0,128.0,360.0,1.0,0,1,0,1,0,1,0,0,1,0,1,0,1,0,0,N
2,3000,0.0,66.0,360.0,1.0,0,1,0,1,1,0,0,0,1,0,0,1,0,0,1,Y
3,2583,2358.0,120.0,360.0,1.0,0,1,0,1,1,0,0,0,0,1,1,0,0,0,1,Y
4,6000,0.0,141.0,360.0,1.0,0,1,1,0,1,0,0,0,1,0,1,0,0,0,1,Y
5,5417,4196.0,267.0,360.0,1.0,0,1,0,1,0,0,1,0,1,0,0,1,0,0,1,Y
6,2333,1516.0,95.0,360.0,1.0,0,1,0,1,1,0,0,0,0,1,1,0,0,0,1,Y
7,3036,2504.0,158.0,360.0,0.0,0,1,0,1,0,0,0,1,1,0,1,0,0,1,0,N
8,4006,1526.0,168.0,360.0,1.0,0,1,0,1,0,0,1,0,1,0,1,0,0,0,1,Y
9,12841,10968.0,349.0,360.0,1.0,0,1,0,1,0,1,0,0,1,0,1,0,0,1,0,N
10,3200,700.0,70.0,360.0,1.0,0,1,0,1,0,0,1,0,1,0,1,0,0,0,1,Y
11,2500,1840.0,109.0,360.0,1.0,0,1,0,1,0,0,1,0,1,0,0,0,0,0,1,Y
12,3073,8106.0,200.0,360.0,1.0,0,1,0,1,0,0,1,0,1,0,1,0,0,0,1,Y
13,1853,2840.0,114.0,360.0,1.0,0,1,1,0,1,0,0,0,1,0,1,0,1,0,0,N
14,1299,1086.0,17.0,120.0,1.0,0,1,0,1,0,0,1,0,1,0,1,0,0,0,1,Y
15,4950,0.0,125.0,360.0,1.0,0,1,1,0,1,0,0,0,1,0,1,0,0,0,1,Y
16,3596,0.0,100.0,240.0,0.8421985815602837,0,1,1,0,0,1,0,0,0,1,1,0,0,0,1,Y
17,3510,0.0,76.0,360.0,0.0,1,0,1,0,1,0,0,0,1,0,1,0,0,0,1,N
18,4887,0.0,133.0,360.0,1.0,0,1,0,1,1,0,0,0,0,1,1,0,1,0,0,N
19,2600,3500.0,115.0,342.0,1.0,0,1,0,1,1,0,0,0,1,0,0,0,0,0,1,Y
20,7660,0.0,104.0,360.0,0.0,0,1,0,1,1,0,0,0,0,1,1,0,0,0,1,N
21,5955,5625.0,315.0,360.0,1.0,0,1,0,1,0,1,0,0,1,0,1,0,0,0,1,Y
22,2600,1911.0,116.0,360.0,0.0,0,1,0,1,1,0,0,0,0,1,1,0,0,1,0,N
23,3365,1917.0,112.0,360.0,0.0,0,0,0,1,0,0,1,0,0,1,1,0,1,0,0,N
24,3717,2925.0,151.0,360.0,0.8421985815602837,0,1,0,1,0,1,0,0,1,0,0,0,0,1,0,N
25,9560,0.0,191.0,360.0,1.0,0,1,0,1,1,0,0,0,1,0,0,1,0,1,0,Y
26,2799,2253.0,122.0,360.0,1.0,0,1,0,1,1,0,0,0,1,0,1,0,0,1,0,Y
27,4226,1040.0,110.0,360.0,1.0,0,1,0,1,0,0,1,0,0,1,1,0,0,0,1,Y
28,1442,0.0,35.0,360.0,1.0,0,1,1,0,1,0,0,0,0,1,1,0,0,0,1,N
29,3750,2083.0,120.0,360.0,1.0,1,0,1,0,0,0,1,0,1,0,0,0,0,1,0,Y
30,4166,3369.0,201.0,360.0,0.8421985815602837,0,1,0,1,0,1,0,0,1,0,0,0,0,0,1,N
31,3167,0.0,74.0,360.0,1.0,0,1,1,0,1,0,0,0,1,0,1,0,0,0,1,N
32,4692,0.0,106.0,360.0,1.0,0,1,1,0,0,1,0,0,1,0,0,1,1,0,0,N
33,3500,1667.0,114.0,360.0,1.0,0,1,0,1,1,0,0,0,1,0,1,0,0,1,0,Y
34,12500,3000.0,320.0,360.0,1.0,0,1,1,0,0,0,0,1,1,0,1,0,1,0,0,N
35,2275,2067.0,146.41216216216216,360.0,1.0,0,1,0,1,1,0,0,0,1,0,1,0,0,0,1,Y
36,1828,1330.0,100.0,342.0,0.0,0,1,0,1,1,0,0,0,1,0,1,0,0,0,1,N
37,3667,1459.0,144.0,360.0,1.0,1,0,0,1,1,0,0,0,1,0,1,0,0,1,0,Y
38,4166,7210.0,184.0,360.0,1.0,0,1,1,0,1,0,0,0,1,0,1,0,0,0,1,Y
39,3748,1668.0,110.0,360.0,1.0,0,1,1,0,1,0,0,0,0,1,1,0,0,1,0,Y
40,3600,0.0,80.0,360.0,1.0,0,1,1,0,1,0,0,0,1,0,1,0,0,0,1,N
41,1800,1213.0,47.0,360.0,1.0,0,1,1,0,1,0,0,0,1,0,1,0,0,0,1,Y
42,2400,0.0,75.0,360.0,0.8421985815602837,0,1,0,1,1,0,0,0,1,0,1,0,0,0,1,Y
43,3941,2336.0,134.0,360.0,1.0,0,1,0,1,1,0,0,0,1,0,1,0,0,1,0,Y
44,4695,0.0,96.0,342.0,1.0,0,1,0,1,1,0,0,0,0,1,0,1,0,0,1,Y
45,3410,0.0,88.0,342.0,1.0,1,0,1,0,1,0,0,0,1,0,1,0,0,0,1,Y
46,5649,0.0,44.0,360.0,1.0,0,1,0,1,0,1,0,0,1,0,1,0,0,0,1,Y
47,5821,0.0,144.0,360.0,1.0,0,1,0,1,1,0,0,0,1,0,1,0,0,0,1,Y
48,2645,3440.0,120.0,360.0,0.0,1,0,0,1,1,0,0,0,1,0,1,0,0,0,1,N
49,4000,2275.0,144.0,360.0,1.0,1,0,1,0,1,0,0,0,1,0,1,0,0,1,0,Y
50,1928,1644.0,100.0,360.0,1.0,1,0,0,1,1,0,0,0,0,1,1,0,0,1,0,Y
51,3086,0.0,120.0,360.0,1.0,1,0,1,0,1,0,0,0,1,0,1,0,0,1,0,Y
52,4230,0.0,112.0,360.0,1.0,1,0,1,0,1,0,0,0,1,0,1,0,0,1,0,N
53,4616,0.0,134.0,360.0,1.0,0,1,0,1,0,0,1,0,1,0,1,0,0,0,1,N
54,11500,0.0,286.0,360.0,0.0,1,0,0,1,0,1,0,0,1,0,0,1,0,0,1,N
55,2708,1167.0,97.0,360.0,1.0,0,1,0,1,0,0,1,0,1,0,1,0,0,1,0,Y
56,2132,1591.0,96.0,360.0,1.0,0,1,0,1,1,0,0,0,1,0,1,0,0,1,0,Y
57,3366,2200.0,135.0,360.0,1.0,0,1,0,1,1,0,0,0,1,0,1,0,1,0,0,N
58,8080,2250.0,180.0,360.0,1.0,0,1,0,1,0,1,0,0,1,0,1,0,0,0,1,Y
59,3357,2859.0,144.0,360.0,1.0,0,1,0,1,0,0,1,0,0,1,1,0,0,0,1,Y
60,2500,3796.0,120.0,360.0,1.0,0,1,0,1,1,0,0,0,1,0,1,0,0,0,1,Y
61,3029,0.0,99.0,360.0,1.0,0,1,0,1,0,0,0,1,1,0,1,0,0,0,1,Y
62,2609,3449.0,165.0,180.0,0.0,0,1,0,1,1,0,0,0,0,1,0,1,1,0,0,N
63,4945,0.0,146.41216216216216,360.0,0.0,0,1,0,1,0,1,0,0,1,0,1,0,1,0,0,N
64,4166,0.0,116.0,360.0,0.0,1,0,1,0,1,0,0,0,1,0,1,0,0,1,0,N
65,5726,4595.0,258.0,360.0,1.0,0,1,0,1,1,0,0,0,1,0,1,0,0,1,0,N
66,3200,2254.0,126.0,180.0,0.0,0,1,1,0,1,0,0,0,0,1,1,0,0,0,1,N
67,10750,0.0,312.0,360.0,1.0,0,1,0,1,0,1,0,0,1,0,1,0,0,0,1,Y
68,7100,0.0,125.0,60.0,1.0,0,1,0,1,0,0,0,1,0,1,0,1,0,0,1,Y
69,4300,0.0,136.0,360.0,0.0,1,0,1,0,1,0,0,0,1,0,1,0,0,1,0,N
70,3208,3066.0,172.0,360.0,1.0,0,1,0,1,1,0,0,0,1,0,1,0,0,0,1,Y
71,1875,1875.0,97.0,360.0,1.0,0,1,0,1,0,0,1,0,0,1,0,1,0,1,0,Y
72,3500,0.0,81.0,300.0,1.0,0,1,1,0,1,0,0,0,1,0,1,0,0,1,0,Y
73,4755,0.0,95.0,342.0,0.0,0,1,0,1,0,0,0,1,0,1,1,0,0,1,0,N
74,5266,1774.0,187.0,360.0,1.0,0,1,0,1,0,0,0,1,1,0,0,1,0,1,0,Y
75,3750,0.0,113.0,480.0,1.0,0,1,1,0,1,0,0,0,1,0,1,0,0,0,1,N
76,3750,4750.0,176.0,360.0,1.0,0,1,1,0,1,0,0,0,1,0,1,0,0,0,1,N
77,1000,3022.0,110.0,360.0,1.0,0,1,0,1,0,1,0,0,1,0,0,1,0,0,1,N
78,3167,4000.0,180.0,300.0,0.0,0,1,0,1,0,0,0,1,1,0,1,0,0,1,0,N
79,3333,2166.0,130.0,360.0,0.8421985815602837,0,1,0,1,0,0,0,1,0,1,0,1,0,1,0,Y
80,3846,0.0,111.0,360.0,1.0,1,0,1,0,1,0,0,0,1,0,1,0,0,1,0,Y
81,2395,0.0,146.41216216216216,360.0,1.0,0,1,0,1,0,1,0,0,1,0,0,1,0,1,0,Y
82,1378,1881.0,167.0,360.0,1.0,1,0,0,1,0,0,1,0,1,0,1,0,0,0,1,N
83,6000,2250.0,265.0,360.0,0.8421985815602837,0,1,0,1,1,0,0,0,1,0,1,0,0,1,0,N
84,3988,0.0,50.0,240.0,1.0,0,1,0,1,0,1,0,0,1,0,1,0,0,0,1,Y
85,2366,2531.0,136.0,360.0,1.0,0,1,1,0,1,0,0,0,1,0,1,0,0,1,0,Y
86,3333,2000.0,99.0,360.0,0.8421985815602837,0,1,0,1,0,0,1,0,0,1,1,0,0,1,0,Y
87,2500,2118.0,104.0,360.0,1.0,0,1,0,1,1,0,0,0,1,0,1,0,0,1,0,Y
88,8566,0.0,210.0,360.0,1.0,0,1,1,0,1,0,0,0,1,0,1,0,0,0,1,Y
89,5695,4167.0,175.0,360.0,1.0,0,1,0,1,1,0,0,0,1,0,1,0,0,1,0,Y
90,2958,2900.0,131.0,360.0,1.0,0,1,0,1,1,0,0,0,1,0,1,0,0,1,0,Y
91,6250,5654.0,188.0,180.0,1.0,0,1,0,1,0,0,1,0,1,0,1,0,0,1,0,Y
92,3273,1820.0,81.0,360.0,1.0,0,1,0,1,0,0,1,0,0,1,1,0,0,0,1,Y
93,4133,0.0,122.0,360.0,1.0,0,1,1,0,1,0,0,0,1,0,1,0,0,1,0,Y
94,3620,0.0,25.0,120.0,1.0,0,1,1,0,1,0,0,0,0,1,1,0,0,1,0,Y
95,6782,0.0,146.41216216216216,360.0,0.8421985815602837,0,1,1,0,1,0,0,0,1,0,0,0,0,0,1,N
96,2484,2302.0,137.0,360.0,1.0,1,0,0,1,1,0,0,0,1,0,1,0,0,1,0,Y
97,1977,997.0,50.0,360.0,1.0,0,1,0,1,1,0,0,0,1,0,1,0,0,1,0,Y
98,4188,0.0,115.0,180.0,1.0,0,1,0,1,1,0,0,0,0,1,1,0,0,1,0,Y
99,1759,3541.0,131.0,360.0,1.0,0,1,0,1,1,0,0,0,1,0,1,0,0,1,0,Y
100,4288,3263.0,133.0,180.0,1.0,0,1,0,1,0,0,1,0,0,1,1,0,0,0,1,Y
101,4843,3806.0,151.0,360.0,1.0,0,1,1,0,1,0,0,0,1,0,1,0,0,1,0,Y
102,13650,0.0,146.41216216216216,360.0,1.0,0,1,0,1,0,0,0,0,1,0,1,0,0,0,1,Y
103,4652,3583.0,146.41216216216216,360.0,1.0,0,1,0,1,1,0,0,0,1,0,1,0,0,1,0,Y
104,3816,754.0,160.0,360.0,1.0,0,1,0,0,0,0,0,0,1,0,1,0,0,0,1,Y
105,3052,1030.0,100.0,360.0,1.0,0,1,0,1,0,1,0,0,1,0,1,0,0,0,1,Y
106,11417,1126.0,225.0,360.0,1.0,0,1,0,1,0,0,1,0,1,0,1,0,0,0,1,Y
107,7333,0.0,120.0,360.0,1.0,0,1,1,0,1,0,0,0,0,1,0,0,1,0,0,N
108,3800,3600.0,216.0,360.0,0.0,0,1,0,1,0,0,1,0,1,0,1,0,0,0,1,N
109,2071,754.0,94.0,480.0,1.0,0,1,0,1,0,0,0,1,0,1,1,0,0,1,0,Y
110,5316,0.0,136.0,360.0,1.0,0,1,1,0,1,0,0,0,1,0,1,0,0,0,1,Y
111,2929,2333.0,139.0,360.0,1.0,1,0,0,1,1,0,0,0,1,0,0,0,0,1,0,Y
112,3572,4114.0,152.0,342.0,0.0,0,1,0,1,1,0,0,0,0,1,1,0,1,0,0,N
113,7451,0.0,146.41216216216216,360.0,1.0,1,0,1,0,0,1,0,0,1,0,0,1,0,1,0,Y
114,5050,0.0,118.0,360.0,1.0,0,1,1,0,1,0,0,0,1,0,0,0,0,1,0,Y
115,14583,0.0,185.0,180.0,1.0,0,1,0,1,0,1,0,0,1,0,1,0,1,0,0,Y
116,3167,2283.0,154.0,360.0,1.0,1,0,0,1,1,0,0,0,1,0,1,0,0,1,0,Y
117,2214,1398.0,85.0,360.0,0.8421985815602837,0,1,0,1,0,1,0,0,1,0,1,0,0,0,1,Y
118,5568,2142.0,175.0,360.0,1.0,0,1,0,1,1,0,0,0,1,0,1,0,1,0,0,N
119,10408,0.0,259.0,360.0,1.0,1,0,1,0,1,0,0,0,1,0,1,0,0,0,1,Y
120,5667,2667.0,180.0,360.0,1.0,0,1,0,1,0,0,0,0,1,0,1,0,1,0,0,Y
121,4166,0.0,44.0,360.0,1.0,1,0,1,0,1,0,0,0,1,0,1,0,0,1,0,Y
122,2137,8980.0,137.0,360.0,0.0,1,0,1,0,1,0,0,0,1,0,1,0,0,1,0,Y
123,2957,0.0,81.0,360.0,1.0,0,1,0,1,0,0,1,0,1,0,1,0,0,1,0,Y
124,4300,2014.0,194.0,360.0,1.0,0,1,0,1,1,0,0,0,0,1,1,0,1,0,0,Y
125,3692,0.0,93.0,360.0,0.8421985815602837,1,0,1,0,1,0,0,0,1,0,1,0,1,0,0,Y
126,23803,0.0,370.0,360.0,1.0,0,0,0,1,0,0,0,1,1,0,1,0,1,0,0,Y
127,3865,1640.0,146.41216216216216,360.0,1.0,0,1,1,0,1,0,0,0,1,0,1,0,1,0,0,Y
128,10513,3850.0,160.0,180.0,0.0,0,1,0,1,0,1,0,0,1,0,0,1,0,0,1,N
129,6080,2569.0,182.0,360.0,0.8421985815602837,0,1,0,1,1,0,0,0,1,0,1,0,1,0,0,N
130,20166,0.0,650.0,480.0,0.8421985815602837,0,1,1,0,1,0,0,0,1,0,0,1,0,0,1,Y
131,2014,1929.0,74.0,360.0,1.0,0,1,1,0,1,0,0,0,1,0,1,0,0,0,1,Y
132,2718,0.0,70.0,360.0,1.0,0,1,1,0,1,0,0,0,1,0,1,0,0,1,0,Y
133,3459,0.0,25.0,120.0,1.0,0,1,0,1,1,0,0,0,1,0,0,1,0,1,0,Y
134,4895,0.0,102.0,360.0,1.0,0,1,1,0,1,0,0,0,1,0,1,0,0,1,0,Y
135,4000,7750.0,290.0,360.0,1.0,0,1,0,1,0,0,0,1,1,0,1,0,0,1,0,N
136,4583,0.0,84.0,360.0,1.0,1,0,0,1,1,0,0,0,1,0,1,0,1,0,0,N
137,3316,3500.0,88.0,360.0,1.0,0,1,0,1,0,0,1,0,1,0,0,1,0,0,1,Y
138,14999,0.0,242.0,360.0,0.0,0,1,1,0,1,0,0,0,1,0,1,0,0,1,0,N
139,4200,1430.0,129.0,360.0,1.0,0,1,0,1,0,0,1,0,0,1,1,0,1,0,0,N
140,5042,2083.0,185.0,360.0,1.0,0,1,0,1,0,0,1,0,1,0,1,0,1,0,0,N
141,5417,0.0,168.0,360.0,1.0,0,1,1,0,1,0,0,0,1,0,1,0,0,0,1,Y
142,6950,0.0,175.0,180.0,1.0,0,1,1,0,1,0,0,0,1,0,0,1,0,1,0,Y
143,2698,2034.0,122.0,360.0,1.0,0,1,0,1,1,0,0,0,1,0,1,0,0,1,0,Y
144,11757,0.0,187.0,180.0,1.0,0,1,0,1,0,0,1,0,1,0,1,0,0,0,1,Y
145,2330,4486.0,100.0,360.0,1.0,1,0,0,1,1,0,0,0,1,0,1,0,0,1,0,Y
146,14866,0.0,70.0,360.0,1.0,1,0,0,1,0,0,1,0,1,0,1,0,0,0,1,Y
147,1538,1425.0,30.0,360.0,1.0,0,1,0,1,0,1,0,0,1,0,1,0,0,0,1,Y
148,10000,1666.0,225.0,360.0,1.0,1,0,1,0,1,0,0,0,1,0,1,0,1,0,0,N
149,4860,830.0,125.0,360.0,1.0,0,1,0,1,1,0,0,0,1,0,1,0,0,1,0,Y
150,6277,0.0,118.0,360.0,0.0,0,1,1,0,1,0,0,0,1,0,1,0,1,0,0,N
151,2577,3750.0,152.0,360.0,1.0,0,1,0,1,1,0,0,0,1,0,0,1,1,0,0,Y
152,9166,0.0,244.0,360.0,1.0,0,1,1,0,1,0,0,0,1,0,1,0,0,0,1,N
153,2281,0.0,113.0,360.0,1.0,0,1,0,1,0,0,1,0,0,1,1,0,1,0,0,N
154,3254,0.0,50.0,360.0,1.0,0,1,1,0,1,0,0,0,1,0,1,0,0,0,1,Y
155,39999,0.0,600.0,180.0,0.0,0,1,0,1,0,0,0,1,1,0,1,0,0,1,0,Y
156,6000,0.0,160.0,360.0,0.8421985815602837,0,1,0,1,0,1,0,0,1,0,1,0,1,0,0,Y
157,9538,0.0,187.0,360.0,1.0,0,1,0,1,0,1,0,0,1,0,1,0,0,0,1,Y
158,2980,2083.0,120.0,360.0,1.0,0,1,1,0,1,0,0,0,1,0,0,0,1,0,0,Y
159,4583,5625.0,255.0,360.0,1.0,0,1,0,1,1,0,0,0,1,0,1,0,0,1,0,Y
160,1863,1041.0,98.0,360.0,1.0,0,1,0,1,1,0,0,0,0,1,1,0,0,1,0,Y
161,7933,0.0,275.0,360.0,1.0,0,1,0,1,1,0,0,0,1,0,1,0,0,0,1,N
162,3089,1280.0,121.0,360.0,0.0,0,1,0,1,0,1,0,0,1,0,1,0,0,1,0,N
163,4167,1447.0,158.0,360.0,1.0,0,1,0,1,0,0,1,0,1,0,1,0,1,0,0,Y
164,9323,0.0,75.0,180.0,1.0,0,1,0,1,1,0,0,0,1,0,1,0,0,0,1,Y
165,3707,3166.0,182.0,342.0,1.0,0,1,0,1,1,0,0,0,1,0,1,0,1,0,0,Y
166,4583,0.0,112.0,360.0,1.0,1,0,0,1,1,0,0,0,1,0,1,0,1,0,0,N
167,2439,3333.0,129.0,360.0,1.0,0,1,0,1,1,0,0,0,1,0,1,0,1,0,0,Y
168,2237,0.0,63.0,480.0,0.0,0,1,1,0,1,0,0,0,1,0,1,0,0,1,0,N
169,8000,0.0,200.0,360.0,1.0,0,1,0,1,0,0,1,0,1,0,1,0,0,1,0,Y
170,1820,1769.0,95.0,360.0,1.0,0,1,0,1,1,0,0,0,0,1,0,0,1,0,0,Y
171,51763,0.0,700.0,300.0,1.0,0,0,0,1,0,0,0,1,1,0,1,0,0,0,1,Y
172,3522,0.0,81.0,180.0,1.0,0,1,0,1,0,0,0,1,0,1,1,0,1,0,0,N
173,5708,5625.0,187.0,360.0,1.0,0,1,0,1,1,0,0,0,1,0,1,0,0,1,0,Y
174,4344,736.0,87.0,360.0,1.0,0,1,0,1,1,0,0,0,0,1,0,1,0,1,0,N
175,3497,1964.0,116.0,360.0,1.0,0,1,0,1,1,0,0,0,1,0,1,0,1,0,0,Y
176,2045,1619.0,101.0,360.0,1.0,0,1,0,1,0,0,1,0,1,0,1,0,1,0,0,Y
177,5516,11300.0,495.0,360.0,0.0,0,1,0,1,0,0,0,1,1,0,1,0,0,1,0,N
178,3750,0.0,116.0,360.0,1.0,0,1,0,1,0,1,0,0,1,0,1,0,0,1,0,Y
179,2333,1451.0,102.0,480.0,0.0,0,1,1,0,1,0,0,0,0,1,1,0,0,0,1,N
180,6400,7250.0,180.0,360.0,0.0,0,1,0,1,0,1,0,0,1,0,1,0,0,0,1,N
181,1916,5063.0,67.0,360.0,0.8421985815602837,0,1,1,0,1,0,0,0,1,0,1,0,1,0,0,N
182,4600,0.0,73.0,180.0,1.0,0,1,0,1,1,0,0,0,1,0,1,0,0,1,0,Y
183,33846,0.0,260.0,360.0,1.0,0,1,0,1,0,1,0,0,1,0,1,0,0,1,0,N
184,3625,0.0,108.0,360.0,1.0,1,0,0,1,1,0,0,0,1,0,1,0,0,1,0,Y
185,39147,4750.0,120.0,360.0,1.0,0,1,0,1,1,0,0,0,1,0,0,1,0,1,0,Y
186,2178,0.0,66.0,300.0,0.0,0,1,0,1,0,1,0,0,1,0,0,1,1,0,0,N
187,2383,2138.0,58.0,360.0,0.8421985815602837,0,1,0,1,1,0,0,0,1,0,1,0,1,0,0,Y
188,674,5296.0,168.0,360.0,1.0,0,0,0,1,1,0,0,0,1,0,0,1,1,0,0,Y
189,9328,0.0,188.0,180.0,1.0,0,1,0,1,1,0,0,0,1,0,1,0,1,0,0,Y
190,4885,0.0,48.0,360.0,1.0,0,1,1,0,1,0,0,0,0,1,1,0,1,0,0,Y
191,12000,0.0,164.0,360.0,1.0,0,1,1,0,1,0,0,0,1,0,1,0,0,1,0,N
192,6033,0.0,160.0,360.0,1.0,0,1,0,1,1,0,0,0,0,1,1,0,0,0,1,N
193,3858,0.0,76.0,360.0,1.0,0,1,1,0,1,0,0,0,1,0,1,0,0,1,0,Y
194,4191,0.0,120.0,360.0,1.0,0,1,1,0,1,0,0,0,1,0,1,0,1,0,0,Y
195,3125,2583.0,170.0,360.0,1.0,0,1,0,1,0,1,0,0,1,0,1,0,0,1,0,N
196,8333,3750.0,187.0,360.0,1.0,0,1,1,0,1,0,0,0,1,0,1,0,1,0,0,Y
197,1907,2365.0,120.0,342.0,1.0,1,0,1,0,1,0,0,0,0,1,1,0,0,0,1,Y
198,3416,2816.0,113.0,360.0,0.8421985815602837,1,0,0,1,1,0,0,0,1,0,1,0,0,1,0,Y
199,11000,0.0,83.0,360.0,1.0,0,1,1,0,1,0,0,0,1,0,0,1,0,0,1,N
200,2600,2500.0,90.0,360.0,1.0,0,1,0,1,0,1,0,0,0,1,1,0,0,1,0,Y
201,4923,0.0,166.0,360.0,0.0,0,1,1,0,0,0,1,0,1,0,1,0,0,1,0,Y
202,3992,0.0,146.41216216216216,180.0,1.0,0,1,0,1,0,0,0,1,0,1,1,0,0,0,1,N
203,3500,1083.0,135.0,360.0,1.0,0,1,0,1,0,1,0,0,0,1,1,0,0,0,1,Y
204,3917,0.0,124.0,360.0,1.0,0,1,0,1,0,0,1,0,0,1,1,0,0,1,0,Y
205,4408,0.0,120.0,360.0,1.0,1,0,1,0,1,0,0,0,0,1,1,0,0,1,0,Y
206,3244,0.0,80.0,360.0,1.0,1,0,1,0,1,0,0,0,1,0,1,0,0,0,1,Y
207,3975,2531.0,55.0,360.0,1.0,0,1,1,0,1,0,0,0,0,1,1,0,1,0,0,Y
208,2479,0.0,59.0,360.0,1.0,0,1,1,0,1,0,0,0,1,0,1,0,0,0,1,Y
209,3418,0.0,127.0,360.0,1.0,0,1,1,0,1,0,0,0,1,0,1,0,0,1,0,N
210,10000,0.0,214.0,360.0,1.0,1,0,1,0,1,0,0,0,1,0,1,0,0,1,0,N
211,3430,1250.0,128.0,360.0,0.0,0,1,0,1,0,0,0,1,1,0,1,0,0,1,0,N
212,7787,0.0,240.0,360.0,1.0,0,1,0,1,0,1,0,0,1,0,0,1,0,0,1,Y
213,5703,0.0,130.0,360.0,1.0,0,1,0,1,0,0,0,1,0,1,0,1,1,0,0,Y
214,3173,3021.0,137.0,360.0,1.0,0,1,0,1,1,0,0,0,1,0,1,0,0,0,1,Y
215,3850,983.0,100.0,360.0,1.0,0,1,0,1,0,0,0,1,0,1,1,0,0,1,0,Y
216,150,1800.0,135.0,360.0,1.0,0,1,0,1,1,0,0,0,1,0,1,0,1,0,0,N
217,3727,1775.0,131.0,360.0,1.0,0,1,0,1,1,0,0,0,1,0,1,0,0,1,0,Y
218,5000,0.0,72.0,360.0,0.0,0,1,0,1,0,0,1,0,1,0,0,0,0,1,0,N
219,4283,2383.0,127.0,360.0,0.8421985815602837,1,0,0,1,0,0,1,0,1,0,1,0,0,1,0,Y
220,2221,0.0,60.0,360.0,0.0,0,1,0,1,1,0,0,0,1,0,1,0,0,0,1,N
221,4009,1717.0,116.0,360.0,1.0,0,1,0,1,0,0,1,0,1,0,1,0,0,1,0,Y
222,2971,2791.0,144.0,360.0,1.0,0,1,1,0,1,0,0,0,1,0,1,0,0,1,0,Y
223,7578,1010.0,175.0,342.0,1.0,0,1,0,1,1,0,0,0,1,0,1,0,0,1,0,Y
224,6250,0.0,128.0,360.0,1.0,0,1,0,1,1,0,0,0,1,0,1,0,0,1,0,Y
225,3250,0.0,170.0,360.0,1.0,0,1,0,1,1,0,0,0,1,0,1,0,1,0,0,N
226,4735,0.0,138.0,360.0,1.0,0,1,0,1,0,0,0,0,0,1,0,1,0,0,1,N
227,6250,1695.0,210.0,360.0,1.0,0,1,0,1,0,0,1,0,1,0,1,0,0,1,0,Y
228,4758,0.0,158.0,480.0,1.0,0,1,0,0,0,0,0,0,1,0,1,0,0,1,0,Y
229,6400,0.0,200.0,360.0,1.0,0,1,1,0,1,0,0,0,1,0,0,1,1,0,0,Y
230,2491,2054.0,104.0,360.0,1.0,0,1,0,1,0,1,0,0,1,0,1,0,0,1,0,Y
231,3716,0.0,42.0,180.0,1.0,0,1,0,1,1,0,0,0,1,0,0,0,1,0,0,Y
232,3189,2598.0,120.0,342.0,1.0,0,1,1,0,1,0,0,0,0,1,1,0,1,0,0,Y
233,8333,0.0,280.0,360.0,1.0,1,0,1,0,1,0,0,0,1,0,1,0,0,1,0,Y
234,3155,1779.0,140.0,360.0,1.0,0,1,0,1,0,1,0,0,1,0,1,0,0,1,0,Y
235,5500,1260.0,170.0,360.0,1.0,0,1,0,1,0,1,0,0,1,0,1,0,1,0,0,Y
236,5746,0.0,255.0,360.0,0.8421985815602837,0,1,0,1,1,0,0,0,1,0,0,0,0,0,1,N
237,3463,0.0,122.0,360.0,0.8421985815602837,1,0,1,0,1,0,0,0,1,0,0,1,0,0,1,Y
238,3812,0.0,112.0,360.0,1.0,1,0,1,0,0,1,0,0,1,0,1,0,1,0,0,Y
239,3315,0.0,96.0,360.0,1.0,0,1,0,1,0,1,0,0,1,0,1,0,0,1,0,Y
240,5819,5000.0,120.0,360.0,1.0,0,1,0,1,0,0,1,0,1,0,1,0,1,0,0,Y
241,2510,1983.0,140.0,180.0,1.0,0,1,0,1,0,1,0,0,0,1,1,0,0,0,1,N
242,2965,5701.0,155.0,60.0,1.0,0,1,1,0,1,0,0,0,1,0,1,0,0,0,1,Y
243,6250,1300.0,108.0,360.0,1.0,0,1,0,1,0,0,1,0,1,0,0,1,1,0,0,Y
244,3406,4417.0,123.0,360.0,1.0,0,1,0,1,1,0,0,0,0,1,1,0,0,1,0,Y
245,6050,4333.0,120.0,180.0,1.0,0,1,1,0,1,0,0,0,1,0,0,1,0,0,1,N
246,9703,0.0,112.0,360.0,1.0,0,1,0,1,0,0,1,0,1,0,1,0,0,0,1,Y
247,6608,0.0,137.0,180.0,1.0,0,1,0,1,0,1,0,0,0,1,1,0,0,0,1,Y
248,2882,1843.0,123.0,480.0,1.0,0,1,0,1,0,1,0,0,1,0,1,0,0,1,0,Y
249,1809,1868.0,90.0,360.0,1.0,0,1,0,1,1,0,0,0,1,0,1,0,0,0,1,Y
250,1668,3890.0,201.0,360.0,0.0,0,1,0,1,1,0,0,0,0,1,1,0,0,1,0,N
251,3427,0.0,138.0,360.0,1.0,1,0,1,0,0,0,1,0,1,0,1,0,0,0,1,N
252,2583,2167.0,104.0,360.0,1.0,0,1,1,0,1,0,0,0,0,1,0,1,1,0,0,Y
253,2661,7101.0,279.0,180.0,1.0,0,1,0,1,0,1,0,0,0,1,1,0,0,1,0,Y
254,16250,0.0,192.0,360.0,0.0,0,1,1,0,1,0,0,0,1,0,0,1,0,0,1,N
255,3083,0.0,255.0,360.0,1.0,1,0,1,0,0,0,0,1,1,0,1,0,1,0,0,Y
256,6045,0.0,115.0,360.0,0.0,0,1,1,0,1,0,0,0,0,1,1,0,1,0,0,N
257,5250,0.0,94.0,360.0,1.0,0,1,0,1,0,0,0,1,1,0,1,0,0,0,1,N
258,14683,2100.0,304.0,360.0,1.0,0,1,0,1,1,0,0,0,1,0,1,0,1,0,0,N
259,4931,0.0,128.0,360.0,0.8421985815602837,0,1,0,1,0,0,0,1,0,1,1,0,0,1,0,N
260,6083,4250.0,330.0,360.0,0.8421985815602837,0,1,0,1,0,1,0,0,1,0,1,0,0,0,1,Y
261,2060,2209.0,134.0,360.0,1.0,0,1,1,0,1,0,0,0,1,0,1,0,0,1,0,Y
262,3481,0.0,155.0,36.0,1.0,1,0,1,0,0,1,0,0,1,0,1,0,0,1,0,N
263,7200,0.0,120.0,360.0,1.0,1,0,1,0,1,0,0,0,1,0,1,0,1,0,0,Y
264,5166,0.0,128.0,360.0,1.0,0,1,1,0,1,0,0,0,1,0,0,1,0,1,0,Y
265,4095,3447.0,151.0,360.0,1.0,0,1,1,0,1,0,0,0,1,0,1,0,1,0,0,Y
266,4708,1387.0,150.0,360.0,1.0,0,1,0,1,0,0,1,0,1,0,1,0,0,1,0,Y
267,4333,1811.0,160.0,360.0,0.0,0,1,0,1,0,0,0,1,1,0,1,0,0,0,1,Y
268,3418,0.0,135.0,360.0,1.0,1,0,1,0,1,0,0,0,1,0,0,0,1,0,0,N
269,2876,1560.0,90.0,360.0,1.0,1,0,1,0,0,1,0,0,1,0,1,0,0,0,1,Y
270,3237,0.0,30.0,360.0,1.0,1,0,1,0,1,0,0,0,1,0,1,0,0,0,1,Y
271,11146,0.0,136.0,360.0,1.0,0,1,0,1,1,0,0,0,1,0,1,0,0,0,1,Y
272,2833,1857.0,126.0,360.0,1.0,0,1,1,0,1,0,0,0,1,0,1,0,1,0,0,Y
273,2620,2223.0,150.0,360.0,1.0,0,1,0,1,1,0,0,0,1,0,1,0,0,1,0,Y
274,3900,0.0,90.0,360.0,1.0,0,1,0,1,0,0,1,0,1,0,1,0,0,1,0,Y
275,2750,1842.0,115.0,360.0,1.0,0,1,0,1,0,1,0,0,1,0,1,0,0,1,0,Y
276,3993,3274.0,207.0,360.0,1.0,0,1,0,1,1,0,0,0,1,0,1,0,0,1,0,Y
277,3103,1300.0,80.0,360.0,1.0,0,1,0,1,1,0,0,0,1,0,1,0,0,0,1,Y
278,14583,0.0,436.0,360.0,1.0,0,1,0,1,1,0,0,0,1,0,1,0,0,1,0,Y
279,4100,0.0,124.0,360.0,0.8421985815602837,1,0,0,1,1,0,0,0,0,1,1,0,1,0,0,Y
280,4053,2426.0,158.0,360.0,0.0,0,1,1,0,0,1,0,0,0,1,0,1,0,0,1,N
281,3927,800.0,112.0,360.0,1.0,0,1,0,1,1,0,0,0,1,0,1,0,0,1,0,Y
282,2301,985.7999878,78.0,180.0,1.0,0,1,0,1,0,0,1,0,1,0,1,0,0,0,1,Y
283,1811,1666.0,54.0,360.0,1.0,1,0,1,0,1,0,0,0,1,0,1,0,0,0,1,Y
284,20667,0.0,146.41216216216216,360.0,1.0,0,1,0,1,1,0,0,0,1,0,1,0,1,0,0,N
285,3158,3053.0,89.0,360.0,1.0,0,1,1,0,1,0,0,0,1,0,1,0,1,0,0,Y
286,2600,1717.0,99.0,300.0,1.0,1,0,1,0,1,0,0,0,1,0,0,1,0,1,0,N
287,3704,2000.0,120.0,360.0,1.0,0,1,0,1,1,0,0,0,1,0,1,0,1,0,0,Y
288,4124,0.0,115.0,360.0,1.0,1,0,1,0,1,0,0,0,1,0,1,0,0,1,0,Y
289,9508,0.0,187.0,360.0,1.0,0,1,1,0,1,0,0,0,1,0,1,0,1,0,0,Y
290,3075,2416.0,139.0,360.0,1.0,0,1,0,1,1,0,0,0,1,0,1,0,1,0,0,Y
291,4400,0.0,127.0,360.0,0.0,0,1,0,1,0,0,1,0,1,0,1,0,0,1,0,N
292,3153,1560.0,134.0,360.0,1.0,0,1,0,1,0,0,1,0,1,0,1,0,0,0,1,Y
293,5417,0.0,143.0,480.0,0.0,1,0,1,0,0,0,0,0,1,0,1,0,0,0,1,N
294,2383,3334.0,172.0,360.0,1.0,0,1,0,1,1,0,0,0,1,0,1,0,0,1,0,Y
295,4416,1250.0,110.0,360.0,1.0,0,1,0,1,0,0,0,1,1,0,0,0,0,0,1,Y
296,6875,0.0,200.0,360.0,1.0,0,1,0,1,0,1,0,0,1,0,1,0,0,1,0,Y
297,4666,0.0,135.0,360.0,1.0,1,0,0,1,0,1,0,0,1,0,1,0,0,0,1,Y
298,5000,2541.0,151.0,480.0,1.0,1,0,1,0,1,0,0,0,1,0,1,0,1,0,0,N
299,2014,2925.0,113.0,360.0,1.0,0,1,0,1,0,1,0,0,1,0,1,0,0,0,1,N
300,1800,2934.0,93.0,360.0,0.0,0,1,0,1,1,0,0,0,0,1,1,0,0,0,1,N
301,2875,1750.0,105.0,360.0,1.0,0,1,0,1,0,0,0,0,0,1,1,0,0,1,0,Y
302,5000,0.0,132.0,360.0,1.0,1,0,1,0,1,0,0,0,1,0,1,0,1,0,0,Y
303,1625,1803.0,96.0,360.0,1.0,0,1,0,1,0,1,0,0,1,0,1,0,0,0,1,Y
304,4000,2500.0,140.0,360.0,1.0,0,1,1,0,1,0,0,0,1,0,1,0,1,0,0,Y
305,2000,0.0,146.41216216216216,360.0,1.0,0,1,1,0,1,0,0,0,0,1,1,0,0,0,1,N
306,3762,1666.0,135.0,360.0,1.0,1,0,1,0,1,0,0,0,1,0,1,0,1,0,0,Y
307,2400,1863.0,104.0,360.0,0.0,1,0,1,0,1,0,0,0,1,0,1,0,0,0,1,N
308,20233,0.0,480.0,360.0,1.0,0,1,1,0,1,0,0,0,1,0,1,0,1,0,0,N
309,7667,0.0,185.0,360.0,0.8421985815602837,0,1,0,1,0,0,1,0,0,1,1,0,1,0,0,Y
310,2917,0.0,84.0,360.0,1.0,1,0,1,0,1,0,0,0,1,0,1,0,0,1,0,Y
311,2927,2405.0,111.0,360.0,1.0,0,1,1,0,1,0,0,0,0,1,1,0,0,1,0,Y
312,2507,0.0,56.0,360.0,1.0,1,0,1,0,1,0,0,0,1,0,1,0,1,0,0,Y
313,5746,0.0,144.0,84.0,0.8421985815602837,0,1,0,1,0,0,1,0,1,0,0,1,1,0,0,Y
314,2473,1843.0,159.0,360.0,1.0,0,0,0,1,1,0,0,0,1,0,1,0,1,0,0,N
315,3399,1640.0,111.0,180.0,1.0,0,1,0,1,0,1,0,0,0,1,1,0,0,0,1,Y
316,3717,0.0,120.0,360.0,1.0,0,1,0,1,0,0,1,0,1,0,1,0,0,1,0,Y
317,2058,2134.0,88.0,360.0,0.8421985815602837,0,1,0,1,1,0,0,0,1,0,1,0,0,0,1,Y
318,3541,0.0,112.0,360.0,0.8421985815602837,1,0,1,0,0,1,0,0,1,0,1,0,0,1,0,Y
319,10000,0.0,155.0,360.0,1.0,0,1,0,1,0,1,0,0,1,0,0,1,1,0,0,N
320,2400,2167.0,115.0,360.0,1.0,0,1,0,1,1,0,0,0,1,0,1,0,0,1,0,Y
321,4342,189.0,124.0,360.0,1.0,0,1,0,1,0,0,0,1,1,0,1,0,0,1,0,Y
322,3601,1590.0,146.41216216216216,360.0,1.0,0,1,0,1,0,0,1,0,0,1,1,0,1,0,0,Y
323,3166,2985.0,132.0,360.0,0.8421985815602837,1,0,1,0,1,0,0,0,1,0,1,0,1,0,0,Y
324,15000,0.0,300.0,360.0,1.0,0,1,0,1,0,0,0,1,1,0,1,0,1,0,0,Y
325,8666,4983.0,376.0,360.0,0.0,0,1,0,1,0,1,0,0,1,0,0,1,1,0,0,N
326,4917,0.0,130.0,360.0,0.0,0,1,1,0,1,0,0,0,1,0,1,0,1,0,0,Y
327,5818,2160.0,184.0,360.0,1.0,0,1,0,1,1,0,0,0,1,0,0,1,0,1,0,Y
328,4333,2451.0,110.0,360.0,1.0,1,0,0,1,1,0,0,0,1,0,1,0,0,0,1,N
329,2500,0.0,67.0,360.0,1.0,1,0,1,0,1,0,0,0,1,0,1,0,0,0,1,Y
330,4384,1793.0,117.0,360.0,1.0,0,1,1,0,0,1,0,0,1,0,1,0,0,0,1,Y
331,2935,0.0,98.0,360.0,1.0,0,1,1,0,1,0,0,0,1,0,1,0,0,1,0,Y
332,2833,0.0,71.0,360.0,1.0,0,1,1,0,0,0,0,0,1,0,1,0,0,0,1,Y
333,63337,0.0,490.0,180.0,1.0,0,1,0,1,1,0,0,0,1,0,0,0,0,0,1,Y
334,9833,1833.0,182.0,180.0,1.0,0,0,0,1,0,1,0,0,1,0,0,1,0,0,1,Y
335,5503,4490.0,70.0,342.0,1.0,0,1,0,1,0,0,0,0,1,0,0,1,0,1,0,Y
336,5250,688.0,160.0,360.0,1.0,0,1,0,1,0,1,0,0,1,0,0,0,1,0,0,Y
337,2500,4600.0,176.0,360.0,1.0,0,1,0,1,0,0,1,0,1,0,0,1,1,0,0,Y
338,1830,0.0,146.41216216216216,360.0,0.0,1,0,1,0,0,0,0,1,0,1,1,0,0,0,1,N
339,4160,0.0,71.0,360.0,1.0,1,0,1,0,1,0,0,0,1,0,1,0,0,1,0,Y
340,2647,1587.0,173.0,360.0,1.0,0,1,0,1,0,0,0,1,0,1,1,0,1,0,0,N
341,2378,0.0,46.0,360.0,1.0,1,0,1,0,1,0,0,0,1,0,1,0,1,0,0,N
342,4554,1229.0,158.0,360.0,1.0,0,1,0,1,0,1,0,0,0,1,1,0,0,0,1,Y
343,3173,0.0,74.0,360.0,1.0,0,1,0,1,0,0,0,1,0,1,1,0,0,1,0,Y
344,2583,2330.0,125.0,360.0,1.0,0,1,0,1,0,0,1,0,1,0,0,0,1,0,0,Y
345,2499,2458.0,160.0,360.0,1.0,0,1,0,1,1,0,0,0,1,0,1,0,0,1,0,Y
346,3523,3230.0,152.0,360.0,0.0,0,1,0,1,0,0,0,0,0,1,1,0,1,0,0,N
347,3083,2168.0,126.0,360.0,1.0,0,1,0,1,0,0,1,0,0,1,1,0,0,0,1,Y
348,6333,4583.0,259.0,360.0,0.8421985815602837,0,1,0,1,1,0,0,0,1,0,1,0,0,1,0,Y
349,2625,6250.0,187.0,360.0,1.0,0,1,0,1,1,0,0,0,1,0,1,0,1,0,0,Y
350,9083,0.0,228.0,360.0,1.0,0,1,0,1,1,0,0,0,1,0,1,0,0,1,0,Y
351,8750,4167.0,308.0,360.0,1.0,0,1,1,0,1,0,0,0,1,0,1,0,1,0,0,N
352,2666,2083.0,95.0,360.0,1.0,0,1,0,1,0,0,0,1,1,0,1,0,1,0,0,Y
353,5500,0.0,105.0,360.0,0.0,1,0,0,1,1,0,0,0,1,0,0,1,1,0,0,N
354,2423,505.0,130.0,360.0,1.0,1,0,0,1,1,0,0,0,1,0,1,0,0,1,0,Y
355,3813,0.0,116.0,180.0,1.0,1,0,1,0,0,0,0,0,1,0,1,0,0,0,1,Y
356,8333,3167.0,165.0,360.0,1.0,0,1,0,1,0,0,1,0,1,0,1,0,1,0,0,Y
357,3875,0.0,67.0,360.0,1.0,0,1,0,1,0,1,0,0,1,0,1,0,0,0,1,N
358,3000,1666.0,100.0,480.0,0.0,0,1,0,1,1,0,0,0,0,1,1,0,0,0,1,N
359,5167,3167.0,200.0,360.0,1.0,0,1,0,1,0,0,0,1,1,0,1,0,0,1,0,Y
360,4723,0.0,81.0,360.0,1.0,1,0,1,0,0,1,0,0,1,0,1,0,0,1,0,N
361,5000,3667.0,236.0,360.0,1.0,0,1,0,1,0,0,1,0,1,0,1,0,0,1,0,Y
362,4750,2333.0,130.0,360.0,1.0,0,1,0,1,1,0,0,0,1,0,1,0,0,0,1,Y
363,3013,3033.0,95.0,300.0,0.8421985815602837,0,1,0,1,1,0,0,0,1,0,1,0,0,0,1,Y
364,6822,0.0,141.0,360.0,1.0,0,1,1,0,1,0,0,0,1,0,0,1,1,0,0,Y
365,6216,0.0,133.0,360.0,1.0,0,1,1,0,1,0,0,0,0,1,1,0,1,0,0,N
366,2500,0.0,96.0,480.0,1.0,0,1,1,0,1,0,0,0,1,0,1,0,0,1,0,N
367,5124,0.0,124.0,342.0,0.0,0,1,1,0,1,0,0,0,1,0,1,0,1,0,0,N
368,6325,0.0,175.0,360.0,1.0,0,1,0,1,0,1,0,0,1,0,1,0,0,1,0,Y
369,19730,5266.0,570.0,360.0,1.0,0,1,0,1,1,0,0,0,1,0,1,0,1,0,0,N
370,15759,0.0,55.0,360.0,1.0,1,0,1,0,1,0,0,0,1,0,0,1,0,1,0,Y
371,5185,0.0,155.0,360.0,1.0,0,1,0,1,0,0,1,0,1,0,1,0,0,1,0,Y
372,9323,7873.0,380.0,300.0,1.0,0,1,0,1,0,0,1,0,1,0,0,1,1,0,0,Y
373,3062,1987.0,111.0,180.0,0.0,0,1,1,0,0,1,0,0,1,0,1,0,0,0,1,N
374,2764,1459.0,110.0,360.0,1.0,1,0,1,0,1,0,0,0,1,0,0,0,0,0,1,Y
375,4817,923.0,120.0,180.0,1.0,0,1,0,1,1,0,0,0,1,0,1,0,0,0,1,Y
376,8750,4996.0,130.0,360.0,1.0,0,1,0,1,0,0,0,1,1,0,1,0,1,0,0,Y
377,4310,0.0,130.0,360.0,0.8421985815602837,0,1,0,1,1,0,0,0,1,0,1,0,0,1,0,Y
378,3069,0.0,71.0,480.0,1.0,0,1,1,0,1,0,0,0,1,0,1,0,0,0,1,N
379,5391,0.0,130.0,360.0,1.0,0,1,0,1,0,0,1,0,1,0,1,0,0,0,1,Y
380,3333,2500.0,128.0,360.0,1.0,0,1,0,1,1,0,0,0,1,0,0,0,0,1,0,Y
381,5941,4232.0,296.0,360.0,1.0,0,1,1,0,1,0,0,0,1,0,1,0,0,1,0,Y
382,6000,0.0,156.0,360.0,1.0,1,0,1,0,1,0,0,0,1,0,1,0,0,0,1,Y
383,7167,0.0,128.0,360.0,1.0,0,1,1,0,1,0,0,0,1,0,0,1,0,0,1,Y
384,4566,0.0,100.0,360.0,1.0,0,1,0,1,0,0,1,0,1,0,1,0,0,0,1,N
385,3667,0.0,113.0,180.0,1.0,0,1,1,0,0,1,0,0,1,0,0,0,0,0,1,Y
386,2346,1600.0,132.0,360.0,1.0,0,1,1,0,1,0,0,0,0,1,1,0,0,1,0,Y
387,3010,3136.0,146.41216216216216,360.0,0.0,0,1,0,1,1,0,0,0,0,1,1,0,0,0,1,N
388,2333,2417.0,136.0,360.0,1.0,0,1,0,1,1,0,0,0,1,0,1,0,0,0,1,Y
389,5488,0.0,125.0,360.0,1.0,0,1,0,1,1,0,0,0,1,0,1,0,1,0,0,Y
390,9167,0.0,185.0,360.0,1.0,0,1,1,0,0,0,0,1,1,0,1,0,1,0,0,Y
391,9504,0.0,275.0,360.0,1.0,0,1,0,1,0,0,0,1,1,0,1,0,1,0,0,Y
392,2583,2115.0,120.0,360.0,0.8421985815602837,0,1,0,1,1,0,0,0,1,0,1,0,0,0,1,Y
393,1993,1625.0,113.0,180.0,1.0,0,1,0,1,0,0,1,0,0,1,1,0,0,1,0,Y
394,3100,1400.0,113.0,360.0,1.0,0,1,0,1,0,0,1,0,1,0,1,0,0,0,1,Y
395,3276,484.0,135.0,360.0,0.8421985815602837,0,1,0,1,0,0,1,0,1,0,1,0,0,1,0,Y
396,3180,0.0,71.0,360.0,0.0,1,0,1,0,1,0,0,0,1,0,1,0,0,0,1,N
397,3033,1459.0,95.0,360.0,1.0,0,1,0,1,1,0,0,0,1,0,1,0,0,0,1,Y
398,3902,1666.0,109.0,360.0,1.0,0,1,1,0,1,0,0,0,0,1,1,0,1,0,0,Y
399,1500,1800.0,103.0,360.0,0.0,1,0,1,0,1,0,0,0,1,0,1,0,0,1,0,N
400,2889,0.0,45.0,180.0,0.0,0,1,0,1,0,0,1,0,0,1,1,0,0,0,1,N
401,2755,0.0,65.0,300.0,1.0,0,1,1,0,1,0,0,0,0,1,1,0,1,0,0,N
402,2500,20000.0,103.0,360.0,1.0,0,1,1,0,1,0,0,0,1,0,1,0,0,1,0,Y
403,1963,0.0,53.0,360.0,1.0,1,0,1,0,1,0,0,0,0,1,1,0,0,1,0,Y
404,7441,0.0,194.0,360.0,1.0,1,0,1,0,1,0,0,0,1,0,0,1,1,0,0,N
405,4547,0.0,115.0,360.0,1.0,1,0,1,0,1,0,0,0,1,0,1,0,0,1,0,Y
406,2167,2400.0,115.0,360.0,1.0,0,1,0,1,1,0,0,0,0,1,1,0,0,0,1,Y
407,2213,0.0,66.0,360.0,1.0,1,0,1,0,1,0,0,0,0,1,1,0,1,0,0,Y
408,8300,0.0,152.0,300.0,0.0,0,1,0,1,0,1,0,0,1,0,1,0,0,1,0,N
409,81000,0.0,360.0,360.0,0.0,0,1,0,1,0,0,0,1,1,0,1,0,1,0,0,N
410,3867,0.0,62.0,360.0,1.0,1,0,1,0,0,1,0,0,0,1,0,1,0,1,0,N
411,6256,0.0,160.0,360.0,0.8421985815602837,0,1,0,1,1,0,0,0,1,0,0,0,0,0,1,Y
412,6096,0.0,218.0,360.0,0.0,0,1,0,1,1,0,0,0,0,1,1,0,1,0,0,N
413,2253,2033.0,110.0,360.0,1.0,0,1,0,1,1,0,0,0,0,1,1,0,1,0,0,Y
414,2149,3237.0,178.0,360.0,0.0,1,0,0,1,1,0,0,0,0,1,1,0,0,1,0,N
415,2995,0.0,60.0,360.0,1.0,1,0,1,0,1,0,0,0,1,0,1,0,0,0,1,Y
416,2600,0.0,160.0,360.0,1.0,1,0,1,0,0,1,0,0,1,0,1,0,0,0,1,N
417,1600,20000.0,239.0,360.0,1.0,0,1,0,1,0,0,1,0,1,0,0,1,0,0,1,N
418,1025,2773.0,112.0,360.0,1.0,0,1,0,1,1,0,0,0,1,0,1,0,1,0,0,Y
419,3246,1417.0,138.0,360.0,1.0,0,1,0,1,1,0,0,0,1,0,1,0,0,1,0,Y
420,5829,0.0,138.0,360.0,1.0,0,1,0,1,1,0,0,0,1,0,1,0,1,0,0,Y
421,2720,0.0,80.0,342.0,0.0,1,0,1,0,1,0,0,0,0,1,1,0,0,0,1,N
422,1820,1719.0,100.0,360.0,1.0,0,1,0,1,1,0,0,0,1,0,1,0,0,0,1,Y
423,7250,1667.0,110.0,342.0,0.0,0,1,0,1,0,1,0,0,1,0,1,0,0,0,1,N
424,14880,0.0,96.0,360.0,1.0,0,1,0,1,1,0,0,0,1,0,1,0,0,1,0,Y
425,2666,4300.0,121.0,360.0,1.0,0,1,0,1,1,0,0,0,1,0,1,0,1,0,0,Y
426,4606,0.0,81.0,360.0,1.0,1,0,1,0,0,1,0,0,0,1,1,0,1,0,0,N
427,5935,0.0,133.0,360.0,1.0,0,1,0,1,0,0,1,0,1,0,1,0,0,1,0,Y
428,2920,16.12000084,87.0,360.0,1.0,0,1,0,1,1,0,0,0,1,0,1,0,1,0,0,Y
429,2717,0.0,60.0,180.0,1.0,0,1,1,0,1,0,0,0,0,1,1,0,0,0,1,Y
430,8624,0.0,150.0,360.0,1.0,1,0,1,0,0,1,0,0,1,0,0,1,0,1,0,Y
431,6500,0.0,105.0,360.0,0.0,0,1,1,0,1,0,0,0,1,0,1,0,1,0,0,N
432,12876,0.0,405.0,360.0,1.0,0,1,1,0,1,0,0,0,1,0,0,0,0,1,0,Y
433,2425,2340.0,143.0,360.0,1.0,0,1,0,1,1,0,0,0,1,0,1,0,0,1,0,Y
434,3750,0.0,100.0,360.0,1.0,0,1,1,0,1,0,0,0,1,0,1,0,0,0,1,Y
435,10047,0.0,146.41216216216216,240.0,1.0,1,0,0,0,0,0,0,0,1,0,1,0,0,1,0,Y
436,1926,1851.0,50.0,360.0,1.0,0,1,1,0,1,0,0,0,1,0,1,0,0,1,0,Y
437,2213,1125.0,146.41216216216216,360.0,1.0,0,1,0,1,1,0,0,0,1,0,1,0,0,0,1,Y
438,10416,0.0,187.0,360.0,0.0,0,1,1,0,1,0,0,0,1,0,0,1,0,0,1,N
439,7142,0.0,138.0,360.0,1.0,1,0,0,1,1,0,0,0,0,1,0,1,1,0,0,Y
440,3660,5064.0,187.0,360.0,1.0,0,1,1,0,1,0,0,0,1,0,1,0,0,1,0,Y
441,7901,1833.0,180.0,360.0,1.0,0,1,0,1,1,0,0,0,1,0,1,0,1,0,0,Y
442,4707,1993.0,148.0,360.0,1.0,0,1,1,0,0,0,0,1,0,1,1,0,0,1,0,Y
443,37719,0.0,152.0,360.0,1.0,0,1,1,0,0,1,0,0,1,0,1,0,0,1,0,Y
444,7333,8333.0,175.0,300.0,0.8421985815602837,0,1,0,1,1,0,0,0,1,0,1,0,1,0,0,Y
445,3466,1210.0,130.0,360.0,1.0,0,1,0,1,0,1,0,0,1,0,0,1,1,0,0,Y
446,4652,0.0,110.0,360.0,1.0,0,1,0,1,0,0,1,0,0,1,1,0,1,0,0,Y
447,3539,1376.0,55.0,360.0,1.0,0,1,0,1,1,0,0,0,1,0,0,0,1,0,0,N
448,3340,1710.0,150.0,360.0,0.0,0,1,0,1,0,0,1,0,1,0,1,0,1,0,0,N
449,2769,1542.0,190.0,360.0,0.8421985815602837,0,1,1,0,0,1,0,0,0,1,0,1,0,1,0,N
450,2309,1255.0,125.0,360.0,0.0,0,1,0,1,0,0,1,0,0,1,1,0,1,0,0,N
451,1958,1456.0,60.0,300.0,0.8421985815602837,0,1,0,1,0,0,1,0,0,1,1,0,0,0,1,Y
452,3948,1733.0,149.0,360.0,0.0,0,1,0,1,1,0,0,0,1,0,1,0,1,0,0,N
453,2483,2466.0,90.0,180.0,0.0,0,1,0,1,1,0,0,0,1,0,1,0,1,0,0,Y
454,7085,0.0,84.0,360.0,1.0,0,1,1,0,1,0,0,0,1,0,0,1,0,1,0,Y
455,3859,0.0,96.0,360.0,1.0,0,1,0,1,0,0,1,0,1,0,1,0,0,1,0,Y
456,4301,0.0,118.0,360.0,1.0,0,1,0,1,1,0,0,0,1,0,1,0,0,0,1,Y
457,3708,2569.0,173.0,360.0,1.0,0,1,0,1,1,0,0,0,1,0,1,0,0,0,1,N
458,4354,0.0,136.0,360.0,1.0,0,1,1,0,0,0,1,0,1,0,1,0,1,0,0,Y
459,8334,0.0,160.0,360.0,1.0,0,1,0,1,1,0,0,0,1,0,1,0,0,1,0,N
460,2083,4083.0,160.0,360.0,0.8421985815602837,0,0,0,1,1,0,0,0,1,0,0,1,0,1,0,Y
461,7740,0.0,128.0,180.0,1.0,0,1,0,1,0,0,0,1,1,0,1,0,0,0,1,Y
462,3015,2188.0,153.0,360.0,1.0,0,1,0,1,1,0,0,0,1,0,1,0,1,0,0,Y
463,5191,0.0,132.0,360.0,1.0,1,0,1,0,0,1,0,0,0,1,0,0,0,1,0,Y
464,4166,0.0,98.0,360.0,0.0,0,1,1,0,1,0,0,0,1,0,1,0,0,1,0,N
465,6000,0.0,140.0,360.0,1.0,0,1,1,0,1,0,0,0,1,0,1,0,1,0,0,Y
466,2947,1664.0,70.0,180.0,0.0,0,1,0,1,0,0,0,1,0,1,1,0,0,0,1,N
467,16692,0.0,110.0,360.0,1.0,0,0,0,1,1,0,0,0,1,0,1,0,0,1,0,Y
468,210,2917.0,98.0,360.0,1.0,1,0,0,1,0,0,1,0,0,1,0,0,0,1,0,Y
469,4333,2451.0,110.0,360.0,1.0,0,1,0,1,1,0,0,0,1,0,1,0,0,0,1,N
470,3450,2079.0,162.0,360.0,1.0,0,1,0,1,0,1,0,0,1,0,0,1,0,1,0,Y
471,2653,1500.0,113.0,180.0,0.0,0,1,0,1,0,1,0,0,0,1,1,0,1,0,0,N
472,4691,0.0,100.0,360.0,1.0,0,1,0,1,0,0,0,1,1,0,1,0,0,1,0,Y
473,2500,0.0,93.0,360.0,0.8421985815602837,1,0,1,0,1,0,0,0,1,0,0,1,0,0,1,Y
474,5532,4648.0,162.0,360.0,1.0,0,1,1,0,0,0,1,0,1,0,1,0,1,0,0,Y
475,16525,1014.0,150.0,360.0,1.0,0,1,0,1,0,0,1,0,1,0,0,1,1,0,0,Y
476,6700,1750.0,230.0,300.0,1.0,0,1,0,1,0,0,1,0,1,0,1,0,0,1,0,Y
477,2873,1872.0,132.0,360.0,0.0,0,0,0,1,0,0,1,0,1,0,1,0,0,1,0,N
478,16667,2250.0,86.0,360.0,1.0,0,1,0,1,0,1,0,0,1,0,0,1,0,1,0,Y
479,2947,1603.0,146.41216216216216,360.0,1.0,0,1,0,1,0,0,1,0,1,0,1,0,0,0,1,N
480,4350,0.0,154.0,360.0,1.0,1,0,1,0,1,0,0,0,0,1,1,0,1,0,0,Y
481,3095,0.0,113.0,360.0,1.0,0,1,0,1,0,0,0,1,0,1,1,0,1,0,0,Y
482,2083,3150.0,128.0,360.0,1.0,0,1,0,1,1,0,0,0,1,0,1,0,0,1,0,Y
483,10833,0.0,234.0,360.0,1.0,0,1,0,1,1,0,0,0,1,0,1,0,0,1,0,Y
484,8333,0.0,246.0,360.0,1.0,0,1,0,1,0,0,1,0,1,0,1,0,0,1,0,Y
485,1958,2436.0,131.0,360.0,1.0,0,1,0,1,0,1,0,0,0,1,1,0,1,0,0,Y
486,3547,0.0,80.0,360.0,0.0,0,1,1,0,0,0,1,0,1,0,1,0,1,0,0,N
487,18333,0.0,500.0,360.0,1.0,0,1,0,1,0,1,0,0,1,0,1,0,0,0,1,N
488,4583,2083.0,160.0,360.0,1.0,0,1,0,1,0,0,1,0,1,0,0,1,0,1,0,Y
489,2435,0.0,75.0,360.0,1.0,0,1,1,0,1,0,0,0,1,0,1,0,0,0,1,N
490,2699,2785.0,96.0,360.0,0.8421985815602837,0,1,1,0,1,0,0,0,0,1,1,0,0,1,0,Y
